時刻,コメント,色,位置,サイズ
0:00.5,うぽつ,,,
0:01,wwwwwwwwwwww,,,
0:01.2,きたああああああ,red,,
0:01.5,ここすき,,,
0:02,８８８８８８８８,orange,,
0:02.2,音量注意,yellow,ue,big
0:02.5,なつかしい,,,
0:02.8,いいセンスだ,cyan,,
0:03,これはひどい,,,小
0:03.2,せやな,,,
0:03.5,＿人人人人＿\n＞ 突然の死 ＜\n￣Y^Y^Y^Y￣,green,,小
0:04,草,,,
0:04.3,ファッ！？,pink,,
0:04.6,ここ好き,,,
0:05,天才かよ,purple,,大
0:05.2,あっ,,,
0:05.5,提供,,shita,
0:06,泣いた,,,
0:06.4,神回,red,,大
0:07,もう一回見る,,,
0:07.5,黒コメのテスト,black,,
0:08,任意色のテスト,#00ff88,,
0:08.5,完走した感想,,ue,
0:09,おつ,,,
0:09.5,おつ,,,
0:09.6,おつ,,,
0:09.7,おつ,,,
0:10,おつでした,,shita,大
